Open Time,Open,High,Low,Close Price,Volume
2023-05-03,1.403,1.4125,1.2652,1.3932,234691104.1
2023-05-04,1.3934,1.4931,1.2943,1.3295,515431274.4
2023-05-05,1.3295,1.38,1.2586,1.3059,545434474.8
2023-05-06,1.3059,1.3769,1.268,1.3291,412966864.4
2023-05-07,1.3293,1.3472,1.2135,1.2419,218188546.6
2023-05-08,1.2418,1.2435,1.0113,1.1359,549924543.5
2023-05-09,1.1356,1.2135,1.0939,1.1826,459686462.6
2023-05-10,1.1827,1.2463,1.0928,1.1783,691586908.9
2023-05-11,1.1782,1.1813,1.033,1.0727,337999256.8
2023-05-12,1.073,1.1226,1.012,1.1144,348579839.0
2023-05-13,1.1143,1.1394,1.0851,1.0989,195795833.7
2023-05-14,1.0989,1.2042,1.0668,1.1581,326210405.4
2023-05-15,1.1581,1.2549,1.1233,1.1919,520510747.3
2023-05-16,1.1919,1.206,1.139,1.1645,300965384.7
2023-05-17,1.1645,1.2146,1.1128,1.2121,378078642.9
2023-05-18,1.2121,1.2239,1.126,1.1409,238299042.2
2023-05-19,1.1409,1.1491,1.1148,1.1303,162155560.8
2023-05-20,1.1301,1.1339,1.1083,1.1238,96291914.7
2023-05-21,1.1239,1.1534,1.0507,1.0724,191047034.6
2023-05-22,1.0724,1.0775,1.033,1.0497,172273144.5
2023-05-23,1.0496,1.0976,1.0223,1.0525,186047423.5
2023-05-24,1.0524,1.0524,0.9258,0.9775,328632327.2
2023-05-25,0.9775,1.0102,0.9376,0.9816,192203964.9
2023-05-26,0.9816,1.0094,0.9635,0.9906,158618325.9
2023-05-27,0.9906,1.0175,0.9824,0.998,109475737.9
2023-05-28,0.998,1.08,0.9917,1.061,198488187.9
2023-05-29,1.0611,1.1,1.0223,1.0391,320765718.1
2023-05-30,1.0392,1.0626,0.9891,1.0004,229215768.4
2023-05-31,1.0004,1.0096,0.9413,0.9739,190118014.7
2023-06-01,0.9739,0.9795,0.938,0.9455,172391183.0
2023-06-02,0.9454,0.9635,0.9031,0.9411,255853747.7
2023-06-03,0.9411,0.9575,0.9056,0.9332,195747099.4
2023-06-04,0.9333,0.9789,0.9265,0.9601,241450431.6
2023-06-05,0.9602,0.9715,0.7379,0.8162,579746205.2
2023-06-06,0.8164,0.85,0.752,0.8312,374955449.0
2023-06-07,0.8312,0.8313,0.7408,0.7569,350846981.8
2023-06-08,0.7569,0.7937,0.7126,0.7283,343163812.9
2023-06-09,0.7283,0.763,0.7088,0.738,372136789.4
2023-06-10,0.7381,0.7418,0.5,0.6089,848687143.7
2023-06-11,0.6089,0.624,0.5859,0.6047,363611303.2
2023-06-12,0.6047,0.689,0.565,0.6627,883833343.4
2023-06-13,0.6629,0.7285,0.6612,0.6976,1048660678.9
2023-06-14,0.6975,0.7128,0.625,0.65,663112207.5
2023-06-15,0.6501,0.6587,0.6201,0.6484,476913108.6
2023-06-16,0.6484,0.7218,0.6205,0.7068,565654206.0
2023-06-17,0.7068,0.7881,0.7037,0.7538,1267913251.0
2023-06-18,0.7538,0.796,0.7105,0.7194,952166247.8
2023-06-19,0.7195,0.793,0.708,0.7846,1185500847.5
2023-06-20,0.7845,0.8276,0.7479,0.8186,1216864373.3
2023-06-21,0.8186,0.8514,0.7655,0.8309,1062453063.5
2023-06-22,0.831,0.8897,0.7872,0.8022,819446732.1
2023-06-23,0.8023,0.8364,0.7739,0.7978,555302086.1
2023-06-24,0.7979,0.798,0.7192,0.7523,399531188.8
2023-06-25,0.7524,0.78,0.733,0.7447,330342892.3
2023-06-26,0.7448,0.76,0.71,0.7258,347579084.0
2023-06-27,0.7259,0.7574,0.7001,0.7197,423507888.7
2023-06-28,0.7198,0.7205,0.6294,0.663,422492047.9
2023-06-29,0.663,0.7149,0.6595,0.6801,452016540.2
2023-06-30,0.6802,0.7114,0.6212,0.6884,494387592.2
2023-07-01,0.6884,0.69,0.6669,0.6887,196077155.5
2023-07-02,0.6887,0.6945,0.6558,0.6907,227971657.0
2023-07-03,0.6908,0.7156,0.6849,0.6997,356068488.7
2023-07-04,0.6997,0.739,0.6766,0.6851,462594891.5
2023-07-05,0.6851,0.6913,0.6428,0.6618,298689113.1
2023-07-06,0.6618,0.682,0.633,0.6484,324527471.0
2023-07-07,0.6484,0.6665,0.6377,0.6608,259367927.7
2023-07-08,0.6609,0.6685,0.6402,0.6523,129208876.2
2023-07-09,0.6523,0.6662,0.649,0.6586,135438905.2
2023-07-10,0.6586,0.6666,0.6259,0.6547,279810471.9
2023-07-11,0.6546,0.6698,0.6419,0.6551,184967513.0
2023-07-12,0.6552,0.6874,0.644,0.6551,280304032.8
2023-07-13,0.6552,0.7166,0.6476,0.6984,352931177.4
2023-07-14,0.6984,0.764,0.6575,0.6799,567509106.6
2023-07-15,0.68,0.698,0.6664,0.6826,178942557.3
2023-07-16,0.6827,0.6941,0.6597,0.6718,207267692.1
2023-07-17,0.6718,0.7313,0.6643,0.7195,476695247.3
2023-07-18,0.7196,0.7844,0.7035,0.7361,1714848661.4
2023-07-19,0.736,0.7759,0.7017,0.7093,660337539.9
2023-07-20,0.7094,0.7278,0.68,0.6882,360300529.4
2023-07-21,0.6882,0.6959,0.6707,0.6832,224310705.9
2023-07-22,0.6831,0.7048,0.6814,0.6931,192344038.3
2023-07-23,0.6931,0.7036,0.6725,0.6786,196243565.4
2023-07-24,0.6787,0.6804,0.6001,0.6363,325969012.8
2023-07-25,0.6362,0.6514,0.625,0.6362,216560188.6
2023-07-26,0.6363,0.6433,0.6143,0.634,231806012.6
2023-07-27,0.634,0.65,0.6233,0.6299,166290484.5
2023-07-28,0.6299,0.6433,0.6243,0.6294,140522295.8
2023-07-29,0.6293,0.6406,0.625,0.6383,104361771.7
2023-07-30,0.6383,0.6396,0.5901,0.6196,160116855.8
2023-07-31,0.6195,0.634,0.6121,0.6317,195083514.4
2023-08-01,0.6318,0.648,0.606,0.6465,306443960.3
2023-08-02,0.6466,0.6497,0.6061,0.6136,191470288.3
2023-08-03,0.6137,0.6194,0.5846,0.5922,299320717.5
2023-08-04,0.5921,0.6009,0.5734,0.5919,187514947.9
2023-08-05,0.5919,0.5934,0.5806,0.5916,102149987.2
2023-08-06,0.5916,0.6094,0.5897,0.592,169750775.9
2023-08-07,0.592,0.5996,0.5553,0.5829,191762565.4
2023-08-08,0.583,0.6031,0.5752,0.5939,175692517.5
2023-08-09,0.5939,0.6266,0.5874,0.5948,213414015.3
2023-08-10,0.5948,0.6056,0.5873,0.605,136467018.2
2023-08-11,0.6049,0.6184,0.5962,0.6047,105907544.7
2023-08-12,0.6048,0.6138,0.602,0.6074,60227601.0
2023-08-13,0.6075,0.6134,0.594,0.598,81363859.5
2023-08-14,0.598,0.6038,0.587,0.5992,88459972.3
2023-08-15,0.5993,0.6026,0.5188,0.5603,155553077.5
2023-08-16,0.5602,0.5783,0.5087,0.5268,295972142.3
2023-08-17,0.5268,0.5354,0.4197,0.4746,363252869.4
2023-08-18,0.4747,0.4894,0.4625,0.4835,204628440.9
2023-08-19,0.4834,0.5649,0.4822,0.5588,695834948.2
2023-08-20,0.5587,0.575,0.5328,0.5433,1109557078.1
2023-08-21,0.5432,0.5482,0.4952,0.5137,536524241.3
2023-08-22,0.5137,0.5585,0.5039,0.5356,938936736.5
2023-08-23,0.5357,0.626,0.5346,0.6015,1597137743.7
2023-08-24,0.6015,0.621,0.5545,0.5725,915326259.3
2023-08-25,0.5725,0.5725,0.5331,0.5566,780684968.8
2023-08-26,0.5565,0.603,0.5466,0.5875,1330914337.3
2023-08-27,0.5876,0.596,0.5721,0.583,686553634.6
2023-08-28,0.583,0.5831,0.5343,0.5469,694069476.9
2023-08-29,0.5468,0.5514,0.5046,0.5447,919878053.2
2023-08-30,0.5447,0.5461,0.5142,0.525,384491713.0
2023-08-31,0.5249,0.5249,0.48,0.5,421619643.9
2023-09-01,0.5,0.5159,0.4802,0.4886,377809201.2
2023-09-02,0.4885,0.5035,0.4817,0.4905,205119432.1
2023-09-03,0.4905,0.5023,0.4718,0.4837,289608941.9
2023-09-04,0.4838,0.4961,0.47,0.4831,327474068.7
2023-09-05,0.4831,0.493,0.4661,0.4905,270541281.6
2023-09-06,0.4905,0.4997,0.4733,0.4815,300848804.6
2023-09-07,0.4815,0.4873,0.4751,0.4855,192048847.2
2023-09-08,0.4856,0.4935,0.4724,0.4812,182198286.0
2023-09-09,0.4812,0.4857,0.4771,0.4811,107585444.7
2023-09-10,0.4811,0.4814,0.443,0.4546,234062221.2
2023-09-11,0.4547,0.4556,0.4172,0.4262,376663643.1
2023-09-12,0.4262,0.458,0.4226,0.4273,366046019.6
2023-09-13,0.4273,0.4443,0.4183,0.4423,270664437.9
2023-09-14,0.4423,0.4515,0.4355,0.4447,194004606.9
2023-09-15,0.4447,0.4486,0.4312,0.446,217470338.2
2023-09-16,0.446,0.4667,0.4454,0.4662,254891938.2
2023-09-17,0.4662,0.4663,0.4223,0.4343,236904179.5
2023-09-18,0.4343,0.4531,0.4252,0.4475,233972809.0
2023-09-19,0.4474,0.4568,0.4461,0.4539,161887879.0
2023-09-20,0.4539,0.455,0.4345,0.4463,165804878.7
2023-09-21,0.4463,0.4579,0.4327,0.4398,175521367.3
2023-09-22,0.4398,0.4456,0.4329,0.4446,134098904.6
2023-09-23,0.4446,0.451,0.4394,0.4458,124703541.4
2023-09-24,0.4457,0.4644,0.4347,0.4387,314401069.5
2023-09-25,0.4387,0.4492,0.4316,0.4426,199746064.1
2023-09-26,0.4427,0.4451,0.4332,0.4383,148823791.9
2023-09-27,0.4383,0.4439,0.427,0.4371,191560994.2
2023-09-28,0.437,0.4497,0.4343,0.4472,181580659.3
2023-09-29,0.4471,0.497,0.4438,0.4787,758268726.8
2023-09-30,0.4787,0.4859,0.461,0.4698,303204747.9
2023-10-01,0.4699,0.5098,0.464,0.5068,378655048.7
2023-10-02,0.5068,0.5076,0.456,0.4659,323155126.2
2023-10-03,0.466,0.4684,0.4408,0.4442,304612352.4
2023-10-04,0.4443,0.4472,0.424,0.4415,304509171.5
2023-10-05,0.4415,0.4489,0.4324,0.4341,279302131.1
2023-10-06,0.4342,0.448,0.4325,0.4432,176649396.9
2023-10-07,0.4432,0.459,0.4376,0.4424,220101540.1
2023-10-08,0.4425,0.4441,0.4339,0.4375,105401740.5
2023-10-09,0.4375,0.4386,0.3971,0.4157,244571562.7
2023-10-10,0.4158,0.4187,0.4108,0.4158,121618368.0
2023-10-11,0.4158,0.417,0.4003,0.4096,156454420.4
2023-10-12,0.4096,0.4128,0.3995,0.4071,128698769.1
2023-10-13,0.4071,0.424,0.4052,0.4133,189794409.1
2023-10-14,0.4133,0.4191,0.4109,0.4155,83830093.3
2023-10-15,0.4155,0.4159,0.4046,0.4104,144682683.5
2023-10-16,0.4104,0.4297,0.4028,0.4101,295253593.1
2023-10-17,0.4102,0.4116,0.3681,0.3804,421712474.8
2023-10-18,0.3803,0.3899,0.3635,0.3821,329737295.0
2023-10-19,0.3821,0.3826,0.3615,0.3699,278329259.0
2023-10-20,0.37,0.3882,0.364,0.3824,284374752.2
2023-10-21,0.3824,0.3999,0.3792,0.3905,230741199.3
2023-10-22,0.3905,0.4193,0.3871,0.4041,322045330.3
2023-10-23,0.4042,0.4217,0.3921,0.421,346003181.7
2023-10-24,0.4209,0.4596,0.4142,0.4344,587890865.6
2023-10-25,0.4344,0.4511,0.4191,0.4373,355749686.9
2023-10-26,0.4374,0.4639,0.4148,0.4402,375610281.9
2023-10-27,0.4402,0.457,0.42,0.4312,348615384.0
2023-10-28,0.4312,0.4789,0.4309,0.4674,382167655.6
2023-10-29,0.4674,0.4698,0.4507,0.453,236281007.8
2023-10-30,0.4531,0.4748,0.4419,0.4634,307109833.7
2023-10-31,0.4634,0.477,0.42,0.4432,346112099.0
2023-11-01,0.4432,0.4736,0.425,0.4657,374547259.4
2023-11-02,0.4657,0.4821,0.4409,0.4591,354965160.6
2023-11-03,0.459,0.4592,0.4314,0.4559,176786534.6
2023-11-04,0.4559,0.52,0.4512,0.5067,380405605.6
2023-11-05,0.5068,0.5249,0.481,0.5003,415486597.9
2023-11-06,0.5004,0.54,0.4866,0.5289,310158505.0
2023-11-07,0.5289,0.529,0.4916,0.5238,305581098.5
2023-11-08,0.5238,0.6013,0.5174,0.5788,540725859.0
2023-11-09,0.5788,0.6082,0.47,0.5613,580244246.4
2023-11-10,0.5612,0.6271,0.5343,0.6103,384315897.1
2023-11-11,0.6103,0.6149,0.5674,0.5927,314666325.2
2023-11-12,0.5927,0.6461,0.5572,0.6185,336877919.9
2023-11-13,0.6185,0.6591,0.6004,0.6015,420737576.6
2023-11-14,0.6015,0.63,0.5377,0.5664,359336682.2
2023-11-15,0.5663,0.6215,0.5601,0.6196,295679066.8
2023-11-16,0.6195,0.643,0.5504,0.5654,334026166.6
2023-11-17,0.5655,0.5868,0.5249,0.5541,285124903.9
2023-11-18,0.5542,0.5548,0.5139,0.5468,175676644.5
2023-11-19,0.5467,0.5676,0.5282,0.5633,137847224.9
2023-11-20,0.5634,0.5791,0.5414,0.5551,173158683.4
2023-11-21,0.5552,0.5829,0.4964,0.5025,272581882.9
2023-11-22,0.5024,0.5644,0.4993,0.5567,144776363.5
2023-11-23,0.5567,0.5954,0.552,0.5888,304747334.2
2023-11-24,0.5887,0.6421,0.5817,0.627,326633948.6
2023-11-25,0.627,0.6887,0.6214,0.6554,401767959.3
2023-11-26,0.6554,0.6694,0.6071,0.6351,277842848.8
2023-11-27,0.6352,0.6478,0.5769,0.5931,220523310.6
2023-11-28,0.5932,0.6298,0.5641,0.6184,231361739.9
2023-11-29,0.6184,0.6235,0.5782,0.601,211494795.4
2023-11-30,0.601,0.641,0.5865,0.5972,328920677.2
2023-12-01,0.5973,0.6278,0.5911,0.613,194593426.7
2023-12-02,0.613,0.6348,0.6038,0.6258,143956287.5
2023-12-03,0.6257,0.6306,0.5985,0.6158,161980466.9
2023-12-04,0.6158,0.64,0.55,0.6293,332109573.1
2023-12-05,0.6293,0.6598,0.6178,0.6448,344593990.2
2023-12-06,0.6449,0.6627,0.6039,0.6207,273997509.7
2023-12-07,0.6208,0.6905,0.6047,0.6721,335940150.3
2023-12-08,0.672,0.7159,0.6692,0.7038,282660243.8
2023-12-09,0.7038,0.7279,0.6713,0.6786,265604595.2
2023-12-10,0.6786,0.717,0.6674,0.6932,175021188.7
2023-12-11,0.6931,0.7155,0.595,0.6296,404134008.6
2023-12-12,0.6295,0.6642,0.6204,0.6606,283129050.4
2023-12-13,0.6606,0.6669,0.6054,0.6535,287121281.6
2023-12-14,0.6536,0.6708,0.6224,0.6554,227795496.0
2023-12-15,0.6555,0.6563,0.6152,0.6182,184581086.1
2023-12-16,0.6182,0.6505,0.6003,0.6326,153590412.0
2023-12-17,0.6326,0.6372,0.6042,0.6112,127527580.9
2023-12-18,0.6112,0.6198,0.564,0.6109,190260806.5
2023-12-19,0.6109,0.7196,0.6057,0.6793,578137394.9
2023-12-20,0.6793,0.7484,0.6452,0.6885,639982365.0
2023-12-21,0.6884,0.719,0.6712,0.6887,273906744.0
2023-12-22,0.6887,0.7055,0.6568,0.6959,239993086.5
2023-12-23,0.6959,0.7608,0.6927,0.7544,439509148.3
2023-12-24,0.7544,0.7626,0.7015,0.7148,247662763.6
2023-12-25,0.7148,0.8316,0.7084,0.8174,392782252.7
2023-12-26,0.8174,0.9097,0.768,0.8851,720220769.5
2023-12-27,0.885,0.9221,0.8216,0.8312,382647532.1
2023-12-28,0.8313,0.8651,0.7777,0.797,342615972.3
2023-12-29,0.7971,0.8432,0.7608,0.8064,299234049.9
2023-12-30,0.8063,0.8229,0.77,0.8091,151814269.8
2023-12-31,0.8092,0.832,0.7629,0.7759,176598808.0
2024-01-01,0.7759,0.8486,0.7562,0.8445,199733710.2
2024-01-02,0.8445,0.934,0.8395,0.9066,371677285.5
2024-01-03,0.9066,0.9428,0.6709,0.8438,513216443.6
2024-01-04,0.8436,0.8722,0.8054,0.8546,246109920.4
2024-01-05,0.8544,0.901,0.7625,0.9001,387124538.8
2024-01-06,0.9001,0.9007,0.807,0.8314,429450033.8
2024-01-07,0.8314,0.8606,0.7912,0.8,232371661.7
2024-01-08,0.8,0.8848,0.7202,0.8607,364324497.1
2024-01-09,0.8606,0.8746,0.7758,0.7981,263664688.2
2024-01-10,0.7981,0.8615,0.7605,0.8421,254293416.0
2024-01-11,0.842,1.1514,0.8297,1.0934,939371983.6
2024-01-12,1.0935,1.2268,1.0444,1.1688,1180375320.0
2024-01-13,1.1689,1.3657,1.1202,1.2897,1201689722.1
2024-01-14,1.2897,1.355,1.2316,1.2518,579492697.2
2024-01-15,1.2518,1.4524,1.251,1.3721,724094928.3
2024-01-16,1.372,1.3997,1.2395,1.2701,435787889.2
2024-01-17,1.2702,1.3307,1.2012,1.2936,473948235.2
2024-01-18,1.2937,1.348,1.1428,1.1587,515782053.6
2024-01-19,1.1588,1.1917,1.0833,1.1657,418166806.3
2024-01-20,1.1658,1.1663,1.0567,1.102,285623621.3
2024-01-21,1.102,1.1294,1.0532,1.0612,212723979.7
2024-01-22,1.0612,1.1308,1.01,1.074,502614238.3
2024-01-23,1.074,1.2273,1.0077,1.186,1000120652.5
2024-01-24,1.1861,1.318,1.1427,1.2919,628920782.3
2024-01-25,1.2919,1.2939,1.1634,1.1783,442982028.7
2024-01-26,1.1783,1.4724,1.156,1.4584,605245118.4
2024-01-27,1.4586,1.4955,1.3721,1.394,507815240.9
2024-01-28,1.3941,1.4898,1.3095,1.3326,443113879.2
2024-01-29,1.3325,1.5886,1.3268,1.5621,659628394.2
2024-01-30,1.5621,1.6497,1.5137,1.5446,593187286.5
2024-01-31,1.5446,1.6386,1.4823,1.5179,680599375.6
2024-02-01,1.5178,1.567,1.4311,1.5248,541617258.9
2024-02-02,1.525,1.5449,1.4419,1.4616,303137118.8
2024-02-03,1.4617,1.4847,1.3867,1.4379,241105305.0
2024-02-04,1.4379,1.5399,1.4235,1.4647,341191100.0
2024-02-05,1.4647,1.6633,1.433,1.5744,488482299.1
2024-02-06,1.5745,1.615,1.5088,1.5174,334583909.8
2024-02-07,1.5175,1.5597,1.4835,1.5404,285435016.4
2024-02-08,1.5403,1.5863,1.5026,1.5258,214631721.2
2024-02-09,1.5259,1.8089,1.5183,1.7618,488198516.5
2024-02-10,1.7619,1.8148,1.6992,1.7313,287269927.5
2024-02-11,1.7313,1.7982,1.674,1.6943,217461022.0
2024-02-12,1.6944,1.8326,1.6884,1.7619,364085363.9
2024-02-13,1.7619,1.8812,1.7201,1.8568,367708971.4
2024-02-14,1.8568,1.9749,1.8124,1.9073,275704885.3
2024-02-15,1.9074,1.949,1.8207,1.8647,246274913.8
2024-02-16,1.8647,1.883,1.7416,1.8082,188745467.6
2024-02-17,1.8083,1.8159,1.7024,1.769,129156525.1
2024-02-18,1.7689,1.8186,1.7333,1.8007,144710081.5
2024-02-19,1.8007,1.8365,1.7368,1.775,171527951.6
2024-02-20,1.7749,1.7805,1.6037,1.7189,220456446.7
2024-02-21,1.719,1.7236,1.6176,1.6937,174452851.9
2024-02-22,1.6937,1.7737,1.6395,1.7198,150839787.3
2024-02-23,1.7198,1.7492,1.5651,1.6043,166672629.8
2024-02-24,1.6042,1.6723,1.5539,1.6374,111115194.5
2024-02-25,1.6376,1.6573,1.6138,1.6472,80634621.6
2024-02-26,1.6473,1.7204,1.5802,1.6723,153244244.0
2024-02-27,1.6723,1.7083,1.5836,1.6168,156874585.4
2024-02-28,1.6169,1.7241,1.3537,1.5854,337712005.0
2024-02-29,1.5854,1.7186,1.57,1.6778,261339816.5
2024-03-01,1.6779,1.7466,1.6556,1.6921,162571182.8
2024-03-02,1.6921,1.7005,1.5888,1.6234,159472123.1
2024-03-03,1.6234,1.6324,1.411,1.5617,208419335.1
2024-03-04,1.5618,1.5946,1.435,1.4882,247957670.6
2024-03-05,1.4883,1.5884,1.151,1.3964,476519605.9
2024-03-06,1.3963,1.5115,1.3596,1.4769,234883874.0
2024-03-07,1.4768,1.6196,1.4729,1.5825,218635688.0
2024-03-08,1.5826,1.6053,1.4405,1.5455,179747396.8
2024-03-09,1.5455,1.6735,1.5208,1.5865,166544938.2
2024-03-10,1.5865,1.6544,1.5152,1.5567,141909872.9
2024-03-11,1.5568,1.5963,1.4715,1.5743,153532861.2
2024-03-12,1.5744,1.6375,1.41,1.601,234836001.6
2024-03-13,1.6011,1.6992,1.5745,1.6231,172541740.0
2024-03-14,1.6231,1.6629,1.4715,1.5687,210724481.5
2024-03-15,1.5688,1.5853,1.335,1.4935,290131641.6
2024-03-16,1.4935,1.7184,1.486,1.6352,615667623.2
2024-03-17,1.6352,1.64,1.4393,1.6198,296926288.7
2024-03-18,1.6197,1.7561,1.5188,1.525,393393175.9
2024-03-19,1.525,1.7394,1.4305,1.6477,532811877.8
2024-03-20,1.6477,1.7816,1.5024,1.7542,375911194.9
2024-03-21,1.7543,1.9478,1.7418,1.8278,363592509.3
2024-03-22,1.8278,1.834,1.6856,1.7322,259583321.3
2024-03-23,1.7321,1.7396,1.6411,1.6454,146519116.0
2024-03-24,1.6455,1.7002,1.6172,1.68,126982535.8
2024-03-25,1.6799,1.748,1.6554,1.7052,147223679.8
2024-03-26,1.7052,1.8973,1.6981,1.8873,222396990.7
2024-03-27,1.8874,2.185,1.8574,2.0778,598163292.2
2024-03-28,2.0778,2.1676,1.9604,2.0239,270058161.8
2024-03-29,2.0239,2.1494,1.9046,1.9056,240221178.7
2024-03-30,1.9057,1.9572,1.8685,1.8824,112935404.8
2024-03-31,1.8823,1.9276,1.8666,1.9157,76265313.0
2024-04-01,1.9157,2.0273,1.8,1.9415,299953579.7
2024-04-02,1.9416,2.0074,1.7273,1.7346,246898324.6
2024-04-03,1.7347,1.7655,1.6376,1.6693,151589886.7
2024-04-04,1.6693,1.7443,1.6571,1.6845,105706711.0
2024-04-05,1.6845,1.6845,1.5412,1.6089,122902163.1
2024-04-06,1.6089,1.6455,1.6014,1.6259,56942931.8
2024-04-07,1.626,1.6692,1.6179,1.6431,73960654.7
2024-04-08,1.6431,1.7241,1.6198,1.7114,89039586.6
2024-04-09,1.7114,1.7203,1.5726,1.5764,111428653.2
2024-04-10,1.5764,1.5857,1.46,1.5226,148558725.0
2024-04-11,1.5228,1.5612,1.476,1.4915,109647101.2
2024-04-12,1.4914,1.5159,1.03,1.2389,285898975.6
2024-04-13,1.239,1.2464,0.876,1.06,376548146.6
2024-04-14,1.0601,1.2084,1.0232,1.1976,255486781.6
2024-04-15,1.1976,1.2975,1.1146,1.1706,254219010.1
2024-04-16,1.1707,1.2327,1.102,1.223,244662984.9
2024-04-17,1.2229,1.3569,1.1762,1.2593,410566952.3
2024-04-18,1.2591,1.2869,1.1967,1.2541,266440670.0
2024-04-19,1.2541,1.3906,1.1319,1.3322,281582718.1
2024-04-20,1.3323,1.4344,1.3038,1.4263,141960458.7
2024-04-21,1.4262,1.4446,1.3395,1.3691,112010508.5
2024-04-22,1.369,1.4387,1.3528,1.3907,119119884.7
2024-04-23,1.3908,1.416,1.309,1.3252,107976190.2
2024-04-24,1.3253,1.3489,1.2355,1.2502,139582920.9
2024-04-25,1.2501,1.2652,1.1867,1.223,117823182.1
2024-04-26,1.223,1.2291,1.1605,1.1736,108176744.9
2024-04-27,1.1735,1.2315,1.1176,1.2101,125076629.3
2024-04-28,1.2102,1.2591,1.2045,1.2166,70956101.6
2024-04-29,1.2165,1.2306,1.1659,1.1915,105977403.1
2024-04-30,1.1915,1.2052,1.0711,1.1425,181669360.4
2024-05-01,1.1426,1.1657,1.0646,1.1466,168598258.7
2024-05-02,1.1466,1.1597,1.0917,1.1202,109217241.8
2024-05-03,1.1201,1.1447,1.0682,1.111,198455440.3
2024-05-04,1.111,1.1245,1.0755,1.0903,179336785.5
2024-05-05,1.0902,1.1213,1.0526,1.0952,177091482.9
2024-05-06,1.0952,1.1522,1.0767,1.0927,257911550.9
2024-05-07,1.0926,1.1449,1.0749,1.0795,258403588.9
2024-05-08,1.0795,1.0828,1.0041,1.0099,209529917.4
2024-05-09,1.01,1.04,0.9724,1.0255,206877159.5
2024-05-10,1.0255,1.1088,1.0013,1.0071,285884580.0
2024-05-11,1.0072,1.0324,0.9894,0.9937,110864499.5
2024-05-12,0.9937,1.02,0.991,1.0035,87205135.2
2024-05-13,1.0035,1.0141,0.9415,0.9688,196874995.1
2024-05-14,0.9689,0.9758,0.8842,0.8955,179461920.9
2024-05-15,0.8955,1.0258,0.8851,0.9914,257808202.0
2024-05-16,0.9913,1.073,0.9747,1.0236,263043856.2
2024-05-17,1.0236,1.1076,1.01,1.0753,219492730.7
2024-05-18,1.0753,1.089,1.051,1.0807,128703738.8
2024-05-19,1.0808,1.0887,1.0176,1.0264,102908639.6
2024-05-20,1.0264,1.147,1.0067,1.1466,252841710.2
2024-05-21,1.1465,1.1717,1.1184,1.1412,156238999.5
2024-05-22,1.1413,1.1548,1.0808,1.1058,151981393.0
2024-05-23,1.1059,1.1341,0.9989,1.0766,195931362.6
2024-05-24,1.0766,1.0859,1.0318,1.0677,92891195.0
2024-05-25,1.0677,1.0837,1.0508,1.063,59924059.5
2024-05-26,1.063,1.0711,1.0215,1.042,77129846.6
2024-05-27,1.0419,1.0842,1.0313,1.075,79456249.4
2024-05-28,1.075,1.0765,1.0131,1.0311,107349770.1
2024-05-29,1.0312,1.0481,1.008,1.017,91992416.7
2024-05-30,1.017,1.0362,0.9807,1.0137,93419384.5
2024-05-31,1.0137,1.0344,0.9953,1.0237,74146979.8
2024-06-01,1.0239,1.0376,1.0109,1.0238,44918584.9
2024-06-02,1.0238,1.0391,1.0077,1.0165,65351084.0
2024-06-03,1.0165,1.0571,1.0135,1.0399,90018527.3
2024-06-04,1.0398,1.0567,1.0124,1.0547,75342735.9
2024-06-05,1.0546,1.1056,1.0471,1.1049,93078698.9
2024-06-06,1.1049,1.1369,1.0861,1.1139,95330607.2
2024-06-07,1.114,1.1718,0.98,1.081,219997596.4
2024-06-08,1.081,1.1718,1.0637,1.1042,225247732.4
2024-06-09,1.1041,1.1295,1.0636,1.0941,145708709.1
2024-06-10,1.0942,1.097,1.0308,1.0338,144531514.2
2024-06-11,1.0338,1.044,0.97,0.992,135649653.2
2024-06-12,0.992,1.0545,0.9594,1.0185,139486803.2
2024-06-13,1.0185,1.021,0.9576,0.9657,89614139.4
2024-06-14,0.9658,1.0031,0.9,0.929,102533634.0
2024-06-15,0.929,0.9592,0.9257,0.9441,43744837.7
2024-06-16,0.9441,0.9698,0.9225,0.9694,41377754.2
2024-06-17,0.9694,0.9849,0.8543,0.8902,125970793.3
2024-06-18,0.8903,0.8938,0.7459,0.7994,229294900.9
2024-06-19,0.7994,0.8755,0.7905,0.8645,109640500.7
2024-06-20,0.8646,0.9233,0.858,0.894,140234507.0
2024-06-21,0.894,0.92,0.864,0.9195,140602699.7
2024-06-22,0.9194,0.9244,0.8867,0.8901,64491747.1
2024-06-23,0.89,0.943,0.872,0.8804,122631222.1
2024-06-24,0.8804,0.898,0.8053,0.8942,180631338.2
2024-06-25,0.8944,0.9071,0.8691,0.8776,77528285.3
2024-06-26,0.8777,0.8901,0.8199,0.829,83751550.9
2024-06-27,0.8291,0.8712,0.8254,0.8362,64189736.1
2024-06-28,0.8361,0.8442,0.7851,0.7904,84027996.6
2024-06-29,0.7903,0.8057,0.7795,0.7822,46304924.2
2024-06-30,0.7823,0.8246,0.7721,0.8195,57536546.9
2024-07-01,0.8195,0.8354,0.8051,0.8087,52580773.2
2024-07-02,0.8087,0.8371,0.7994,0.8254,56177496.7
2024-07-03,0.8253,0.83,0.7668,0.7757,93723555.8
2024-07-04,0.7757,0.7833,0.6682,0.6733,150320427.6
2024-07-05,0.6733,0.6745,0.5694,0.6434,338681961.1
2024-07-06,0.6434,0.7,0.6393,0.6934,92803342.8
2024-07-07,0.6934,0.6976,0.6366,0.6397,89873784.4
2024-07-08,0.6396,0.6966,0.612,0.673,156752032.6
2024-07-09,0.6729,0.7576,0.6661,0.7429,146918873.6
2024-07-10,0.7429,0.7676,0.7188,0.7371,124826830.2
2024-07-11,0.7373,0.7784,0.7254,0.7556,132199519.1
2024-07-12,0.7556,0.7716,0.7303,0.748,121687513.2
2024-07-13,0.748,0.7669,0.7423,0.7573,50156103.7
2024-07-14,0.7571,0.8185,0.7564,0.8069,105165959.5
2024-07-15,0.8068,0.8491,0.7923,0.8431,104592543.0
2024-07-16,0.8431,0.8834,0.8151,0.8671,134531233.1
2024-07-17,0.867,0.891,0.8382,0.8395,88203480.8
2024-07-18,0.8395,0.8564,0.7852,0.8103,91079211.9
2024-07-19,0.8104,0.8627,0.7958,0.8538,71996387.0
2024-07-20,0.8538,0.8916,0.8427,0.8495,85641587.7
2024-07-21,0.8497,0.8596,0.809,0.8588,69374950.2
2024-07-22,0.8588,0.9021,0.8252,0.8309,108591911.4
2024-07-23,0.8309,0.8463,0.7989,0.8141,88216127.5
2024-07-24,0.814,0.8258,0.764,0.7701,71106523.2
2024-07-25,0.7701,0.7712,0.7095,0.7492,97435949.7
2024-07-26,0.7491,0.7931,0.7462,0.7868,54292407.4
2024-07-27,0.7868,0.7985,0.7623,0.7841,56373655.2
2024-07-28,0.784,0.784,0.7428,0.7491,37405320.0
2024-07-29,0.7492,0.7846,0.7355,0.7398,81573687.6
2024-07-30,0.7397,0.7506,0.6934,0.7071,66775106.6
2024-07-31,0.7071,0.7263,0.6932,0.7067,75693714.9
2024-08-01,0.7066,0.7177,0.6569,0.6956,110698609.3
2024-08-02,0.6954,0.7003,0.6343,0.6377,104822172.1
2024-08-03,0.6377,0.6535,0.5935,0.6099,84447696.3
2024-08-04,0.6099,0.6293,0.5623,0.5772,99002289.5
2024-08-05,0.5771,0.5812,0.4623,0.5344,462345367.7
2024-08-06,0.5344,0.6149,0.5338,0.6008,154035806.0
2024-08-07,0.6008,0.6483,0.5898,0.6161,272695589.6
2024-08-08,0.6161,0.8618,0.5991,0.8517,602404917.7
2024-08-09,0.8517,0.8797,0.8241,0.8554,607271791.2
2024-08-10,0.8553,0.959,0.8471,0.9189,634982893.6
2024-08-11,0.9188,0.9298,0.8563,0.8731,522908520.9
2024-08-12,0.8731,1.1163,0.8726,1.014,1478894691.7
2024-08-13,1.014,1.0163,0.932,0.9548,633611633.9
2024-08-14,0.9549,0.9723,0.8856,0.9334,540504649.8
2024-08-15,0.9334,0.9389,0.8209,0.8446,591432194.3
2024-08-16,0.8446,0.884,0.8057,0.8112,496127969.1
2024-08-17,0.8113,0.8507,0.7971,0.8275,312852761.2
2024-08-18,0.8275,0.8566,0.8175,0.8239,291570357.4
2024-08-19,0.8239,0.9175,0.81,0.9007,474916833.3
2024-08-20,0.9008,0.929,0.8655,0.8703,299816269.3
2024-08-21,0.8702,0.884,0.8322,0.8489,206654601.9
2024-08-22,0.849,0.865,0.8325,0.8516,149139646.4
2024-08-23,0.8516,1.0371,0.8507,1.0154,488853585.4
2024-08-24,1.0154,1.0561,0.9854,1.0179,277745328.8
2024-08-25,1.0179,1.022,0.9574,0.9987,199436842.0
2024-08-26,0.9987,1.0142,0.9259,0.9261,231273561.3
2024-08-27,0.9261,0.9762,0.8305,0.8469,388089747.9
2024-08-28,0.8469,0.85,0.7619,0.8092,418444921.8
2024-08-29,0.8093,0.8539,0.7922,0.8027,231556331.1
2024-08-30,0.8026,0.8373,0.7657,0.8313,278157473.9
2024-08-31,0.8312,0.8359,0.7837,0.7957,119713954.8
2024-09-01,0.7958,0.8124,0.7554,0.7601,196587826.5
2024-09-02,0.76,0.7988,0.7409,0.7864,256844105.4
2024-09-03,0.7864,0.8372,0.7795,0.7849,349417861.0
2024-09-04,0.7849,0.8334,0.748,0.8085,462416138.9
2024-09-05,0.8085,0.8399,0.7788,0.7964,327434827.8
2024-09-06,0.7964,0.8866,0.7886,0.837,753268431.2
2024-09-07,0.837,0.9176,0.8281,0.8906,456803746.0
2024-09-08,0.8905,0.9855,0.8833,0.9385,671134001.7
2024-09-09,0.9385,0.9735,0.8945,0.9578,520402635.6
2024-09-10,0.9578,0.9709,0.9077,0.9173,306828875.5
2024-09-11,0.9173,0.9331,0.8661,0.9297,392971029.4
2024-09-12,0.9296,1.0726,0.9267,1.0385,976287453.5
2024-09-13,1.0386,1.0484,0.9921,1.0271,464755884.3
2024-09-14,1.0271,1.0691,1.0019,1.044,368778944.1
2024-09-15,1.0441,1.1411,1.0405,1.0781,704465523.3
2024-09-16,1.0781,1.1284,1.0226,1.0412,651345613.0
2024-09-17,1.0411,1.1894,1.0169,1.1685,696953033.9
2024-09-18,1.1685,1.3176,1.1416,1.3128,764691087.4
2024-09-19,1.3131,1.4098,1.3067,1.3785,681214164.8
2024-09-20,1.3786,1.5767,1.3496,1.4689,868659473.7
2024-09-21,1.469,1.5118,1.4333,1.4809,396569859.3
2024-09-22,1.4809,1.6335,1.4201,1.5833,824191927.6
2024-09-23,1.5832,1.6462,1.5081,1.5345,597639092.9
2024-09-24,1.5343,1.793,1.4961,1.7419,773682421.7
2024-09-25,1.7419,1.7764,1.6671,1.6975,468732762.9
2024-09-26,1.6976,1.7578,1.5967,1.6396,576346989.7
2024-09-27,1.6395,1.7342,1.6151,1.6562,413570943.9
2024-09-28,1.6562,1.6928,1.6068,1.6863,254697420.0
2024-09-29,1.6864,1.8497,1.6273,1.758,597027615.9
2024-09-30,1.7581,1.8396,1.701,1.7736,527867760.9
2024-10-01,1.7736,1.9314,1.6582,1.7561,1083281350.8
2024-10-02,1.756,1.9319,1.7374,1.8541,966197259.4
2024-10-03,1.8541,2.0052,1.6014,1.6615,1356826259.6
2024-10-04,1.6615,1.8226,1.6211,1.7713,853828126.9
2024-10-05,1.7712,1.7868,1.6904,1.7533,392865457.3
2024-10-06,1.7533,1.8647,1.7057,1.8396,491614619.2
2024-10-07,1.8397,2.1679,1.8352,2.0167,959501193.4
2024-10-08,2.0167,2.1342,1.93,1.9853,760269538.1
2024-10-09,1.9853,1.9961,1.8424,1.8742,570682813.1
2024-10-10,1.8739,1.9032,1.7455,1.8333,520339603.7
2024-10-11,1.8333,2.0868,1.793,2.0534,612542670.7
2024-10-12,2.0534,2.2874,2.0021,2.2408,645794748.1
2024-10-13,2.241,2.368,2.1217,2.3421,624914312.4
2024-10-14,2.3422,2.3484,2.21,2.2492,501083632.0
2024-10-15,2.2493,2.2746,1.9687,2.0582,789478152.3
2024-10-16,2.0583,2.1539,1.9752,2.0817,505557888.3
2024-10-17,2.0818,2.1614,1.9952,2.0245,453691876.0
2024-10-18,2.0244,2.152,2.0082,2.1242,342487996.4
2024-10-19,2.1241,2.1241,2.0386,2.062,208589853.2
2024-10-20,2.062,2.1548,2.0426,2.1275,282620512.5
2024-10-21,2.1275,2.18,1.9958,2.0088,305466461.0
2024-10-22,2.0089,2.0342,1.8755,1.9387,346610165.8
2024-10-23,1.9386,1.9984,1.866,1.9772,323700839.7
2024-10-24,1.9771,2.0515,1.9259,1.9365,280741880.6
2024-10-25,1.9364,1.9436,1.6014,1.7499,384038633.8
2024-10-26,1.7499,1.8463,1.7,1.7941,258073619.6
2024-10-27,1.7941,1.8262,1.7244,1.7554,222435617.5
2024-10-28,1.7553,1.7873,1.5991,1.7718,454430357.1
2024-10-29,1.7715,2.097,1.7631,2.0703,730091048.5
2024-10-30,2.0703,2.1303,1.9764,2.082,478197841.7
2024-10-31,2.082,2.0981,1.9355,1.9705,406778295.3
2024-11-01,1.9704,2.1094,1.915,1.9892,597334989.4
2024-11-02,1.9892,2.0247,1.8676,1.9071,301001296.6
2024-11-03,1.907,1.9627,1.772,1.9447,489381671.6
2024-11-04,1.9447,1.9662,1.7882,1.8482,487373614.5
2024-11-05,1.8481,2.0688,1.8408,2.0075,454931308.7
2024-11-06,2.0075,2.3549,1.9973,2.3035,801963671.3
2024-11-07,2.3036,2.3905,2.208,2.3193,426425745.1
2024-11-08,2.3192,2.3851,2.2001,2.2874,379897500.4
2024-11-09,2.2874,2.8525,2.2297,2.7497,532428982.5
2024-11-10,2.7497,3.1662,2.6996,3.036,872524818.6
2024-11-11,3.0358,3.3186,3.0254,3.2766,666059861.4
2024-11-12,3.2766,3.3352,2.83,3.2166,681644363.2
2024-11-13,3.2166,3.4472,2.8368,3.3062,703065478.0
2024-11-14,3.3062,3.5315,3.2245,3.3554,433538683.5
2024-11-15,3.3557,3.681,3.102,3.6124,410993435.5
2024-11-16,3.6125,3.936,3.5812,3.7617,372710666.6
2024-11-17,3.7617,3.949,3.5748,3.7868,369248474.0
2024-11-18,3.7868,3.9148,3.6097,3.703,260491534.1
2024-11-19,3.703,3.8554,3.6042,3.725,248804595.0
2024-11-20,3.7251,3.8479,3.4232,3.5241,339016709.2
2024-11-21,3.5239,3.6998,3.323,3.6285,381447244.4
2024-11-22,3.6286,3.66,3.395,3.567,265559019.1
2024-11-23,3.567,3.6633,3.3397,3.4395,325952647.6
2024-11-24,3.4398,3.5741,3.1381,3.3975,315523634.5
2024-11-25,3.3976,3.4869,3.1022,3.1938,299388821.1
2024-11-26,3.1935,3.54,2.9722,3.4955,428064784.2
2024-11-27,3.4955,3.5041,3.2753,3.4354,239379320.3
2024-11-28,3.4353,3.6564,3.3926,3.4444,226608409.3
2024-11-29,3.4444,3.5548,3.3605,3.4883,169222139.2
2024-11-30,3.4884,3.5373,3.4127,3.4774,150461766.6
2024-12-01,3.4775,3.5371,3.3355,3.4804,161241747.9
2024-12-02,3.4803,3.4963,3.1742,3.3926,243089137.3
2024-12-03,3.3926,3.8806,3.3265,3.699,501133921.9
2024-12-04,3.6991,3.7977,3.524,3.6768,277745756.1
2024-12-05,3.6768,4.4439,3.53,4.2303,612686495.9
2024-12-06,4.2304,4.4891,4.084,4.2198,351756160.1
2024-12-07,4.2198,4.45,4.16,4.2626,204810805.6
2024-12-08,4.2627,4.4022,4.1251,4.2346,143512628.6
2024-12-09,4.2346,4.2741,3.335,3.8345,394886407.1
2024-12-10,3.8346,3.8972,3.4623,3.7106,364472562.4
2024-12-11,3.7105,4.4066,3.5656,4.3722,292581347.2
2024-12-12,4.3722,4.8796,4.3544,4.6186,444862342.6
2024-12-13,4.6186,4.9272,4.5402,4.7601,252678805.6
2024-12-14,4.7602,4.845,4.3518,4.4569,171092017.4
2024-12-15,4.4569,4.8483,4.3518,4.7827,196603585.8
2024-12-16,4.7827,4.9591,4.5937,4.6254,234341854.8
2024-12-17,4.6255,4.8692,4.5631,4.6383,188459006.0
2024-12-18,4.6384,4.7641,4.21,4.3327,282087451.4
2024-12-19,4.3327,4.5956,3.9232,4.0699,417431826.7
2024-12-20,4.0698,4.6161,3.4915,4.5799,566996240.9
2024-12-21,4.5799,4.9083,4.2277,4.3586,400402688.9
2024-12-22,4.3588,4.59,4.159,4.322,332848308.8
2024-12-23,4.322,4.7516,4.105,4.7134,332021712.6
2024-12-24,4.7134,4.7572,4.4622,4.602,237285418.1
2024-12-25,4.6019,4.6416,4.4474,4.4963,143971481.4
2024-12-26,4.4965,4.5312,4.1464,4.1995,180094553.6
2024-12-27,4.1995,4.41,4.0508,4.0827,196130888.2
2024-12-28,4.0826,4.2653,3.9779,4.2119,159112133.2
2024-12-29,4.2118,4.2776,4.052,4.0899,111401513.7
2024-12-30,4.09,4.3729,3.94,4.1781,211159434.3
2024-12-31,4.1781,4.3432,4.0436,4.1201,156819273.0
2025-01-01,4.1202,4.3169,4.0435,4.2825,108225015.3
2025-01-02,4.2826,4.4646,4.2544,4.3503,124917577.3
2025-01-03,4.3504,4.9909,4.2758,4.9868,204873186.1
2025-01-04,4.9867,5.3605,4.8423,5.2899,380031232.3
2025-01-05,5.2898,5.3258,5.1204,5.2455,159251442.7
2025-01-06,5.2459,5.3699,5.02,5.0873,217085694.9
2025-01-07,5.0874,5.169,4.7418,4.7841,254864662.2
2025-01-08,4.7841,4.9126,4.3882,4.8929,316456108.0
2025-01-09,4.8928,4.8929,4.4955,4.7471,286615130.9
2025-01-10,4.747,5.2483,4.73,5.1207,337433576.1
2025-01-11,5.1207,5.1388,4.9013,4.9677,143956875.1
2025-01-12,4.9677,4.9798,4.6865,4.7309,132402828.7
2025-01-13,4.7309,4.8599,4.25,4.7453,388206850.3
2025-01-14,4.7453,4.7607,4.5398,4.5831,203711608.5
2025-01-15,4.583,4.8918,4.4311,4.8351,275504906.8
2025-01-16,4.8352,5.0545,4.5782,4.7477,276234282.0
2025-01-17,4.7476,4.9688,4.7107,4.8376,236249933.0
2025-01-18,4.8376,5.1368,4.61,5.0047,287921863.5
2025-01-19,5.0047,5.0304,4.3999,4.5066,336445582.3
2025-01-20,4.5065,4.8474,4.2924,4.4162,370305672.7
2025-01-21,4.4162,4.7996,4.2274,4.6592,217310743.0
2025-01-22,4.6592,4.7059,4.4513,4.4711,115983682.6
2025-01-23,4.4711,4.4771,4.1522,4.302,216185759.1
2025-01-24,4.3021,4.484,4.1586,4.1997,176059084.3
2025-01-25,4.1996,4.2574,4.0942,4.1293,111885173.2
2025-01-26,4.1294,4.2222,3.86,3.8683,128202681.8
2025-01-27,3.8687,4.014,3.4838,3.9618,395088007.5
2025-01-28,3.9618,4.011,3.6068,3.6514,177412688.8
2025-01-29,3.6514,3.8904,3.5994,3.697,191666416.6
2025-01-30,3.6971,4.2128,3.6639,4.1162,239359084.1
2025-01-31,4.1163,4.2535,4.01,4.086,198395186.9
2025-02-01,4.0859,4.1173,3.722,3.733,148431436.3
2025-02-02,3.733,3.8572,3.07,3.3051,357766370.1
2025-02-03,3.3052,3.8335,2.385,3.6483,817459224.8
2025-02-04,3.6483,3.8975,3.2727,3.5918,458173297.3
2025-02-05,3.5919,3.7135,3.3006,3.3283,254115538.5
2025-02-06,3.3283,3.5097,3.1013,3.134,298207940.5
2025-02-07,3.134,3.3838,2.9039,3.0112,333825286.5
2025-02-08,3.0112,3.087,2.8822,3.0602,212438842.2
2025-02-09,3.0602,3.1807,2.8685,2.9933,228876556.7
2025-02-10,2.9933,3.3054,2.8983,3.2134,293787235.4
2025-02-11,3.2134,3.5848,3.1988,3.3249,322811847.0
2025-02-12,3.3249,3.67,3.088,3.5805,338191414.4
2025-02-13,3.5806,3.655,3.4066,3.4658,206308135.0
2025-02-14,3.4658,3.7385,3.4243,3.5507,209266177.3
2025-02-15,3.5507,3.5973,3.3711,3.4154,133438802.8
2025-02-16,3.4153,3.4816,3.2512,3.2679,119279319.6
2025-02-17,3.268,3.3547,3.1419,3.2169,169925928.3
2025-02-18,3.2169,3.2343,2.9189,3.0633,252424325.5
2025-02-19,3.0633,3.2586,3.0032,3.2168,199552681.2
2025-02-20,3.2168,3.4776,3.1861,3.4489,197116210.0
2025-02-21,3.4488,3.5682,3.221,3.2678,239089569.0
2025-02-22,3.2679,3.454,3.2499,3.4206,127420264.8
2025-02-23,3.4206,3.4866,3.2831,3.3763,124818948.2
2025-02-24,3.3762,3.4484,2.7895,2.8294,366872836.6
2025-02-25,2.8295,3.0134,2.6332,2.9551,511050646.7
2025-02-26,2.9553,3.0938,2.7406,2.8819,353360468.0
2025-02-27,2.882,2.9787,2.7564,2.7872,198917035.3
2025-02-28,2.7873,2.8567,2.5166,2.8287,334834251.6
2025-03-01,2.8289,2.9236,2.7805,2.8184,158258205.6
2025-03-02,2.8184,3.2516,2.79,3.1938,293315393.7
2025-03-03,3.1939,3.2066,2.5823,2.6165,262945839.5
2025-03-04,2.6165,2.6516,2.2525,2.5248,429648618.5
2025-03-05,2.5247,2.6893,2.4405,2.6312,247000607.3
2025-03-06,2.6313,2.997,2.5861,2.734,495491359.5
2025-03-07,2.7341,2.8978,2.56,2.5808,468933734.3
2025-03-08,2.5809,2.6283,2.4683,2.482,150320319.5
2025-03-09,2.482,2.5238,2.25,2.2891,225834507.3
2025-03-10,2.2892,2.4484,2.0567,2.088,334199126.1
2025-03-11,2.0881,2.3049,1.9627,2.2285,363283270.8
2025-03-12,2.2285,2.3742,2.171,2.2837,247964038.2
2025-03-13,2.2838,2.3423,2.113,2.1621,219904343.1
2025-03-14,2.1621,2.3849,2.1578,2.3244,204681012.5
2025-03-15,2.3243,2.4251,2.2979,2.3512,131254303.5
2025-03-16,2.3512,2.3664,2.2031,2.2294,142601055.8
2025-03-17,2.2295,2.3802,2.2269,2.3768,180225833.0
2025-03-18,2.3769,2.3868,2.2192,2.283,158277745.0
2025-03-19,2.283,2.4844,2.275,2.4731,206523698.9
2025-03-20,2.4731,2.4999,2.3418,2.3556,166838451.4
2025-03-21,2.3556,2.3687,2.2301,2.2508,150406641.7
2025-03-22,2.2508,2.3092,2.2309,2.2619,92378949.2
2025-03-23,2.2619,2.3,2.234,2.2916,89095526.3
2025-03-24,2.2917,2.4512,2.2584,2.3967,212933834.5
2025-03-25,2.3967,2.4831,2.3331,2.4566,170108346.8
2025-03-26,2.4565,2.6539,2.4371,2.6174,286580890.0
2025-03-27,2.6175,2.8299,2.6046,2.7791,383243274.8
2025-03-28,2.7791,2.7976,2.4689,2.5036,396533113.4
2025-03-29,2.5036,2.5446,2.2471,2.3095,308040851.1
2025-03-30,2.3096,2.4538,2.2778,2.3499,289129170.7
2025-03-31,2.3499,2.355,2.1799,2.2657,305472829.5
2025-04-01,2.2657,2.5289,2.2507,2.4063,330757195.2
2025-04-02,2.4063,2.5484,2.2514,2.306,434616419.5
2025-04-03,2.3062,2.4376,2.1808,2.262,377033918.3
2025-04-04,2.2621,2.3018,2.1272,2.2566,426948857.6
2025-04-05,2.2567,2.276,2.1805,2.2151,155926347.4
2025-04-06,2.2151,2.2236,1.8816,1.9202,386785953.1
2025-04-07,1.9202,2.094,1.7166,2.0185,828219778.8
2025-04-08,2.0184,2.1022,1.9228,1.9299,416492181.4
2025-04-09,1.93,2.2911,1.8613,2.2212,592528581.9
2025-04-10,2.2211,2.23,2.05,2.1118,355216662.9
2025-04-11,2.1117,2.2492,2.0957,2.1869,273225692.5
2025-04-12,2.1868,2.3972,2.1562,2.3454,276301456.4
2025-04-13,2.3454,2.4176,2.2011,2.232,285779372.4
2025-04-14,2.232,2.35,2.1683,2.1911,282047302.7
2025-04-15,2.1911,2.2478,2.0828,2.0879,300332351.4
2025-04-16,2.0879,2.1345,2.02,2.0541,279399832.2
2025-04-17,2.0541,2.1696,2.042,2.1218,195148501.0
2025-04-18,2.1219,2.1537,2.0932,2.1189,141223085.9
2025-04-19,2.119,2.1783,2.1096,2.1541,114824299.9
2025-04-20,2.1541,2.1716,2.0805,2.1124,141726397.0
2025-04-21,2.1125,2.2842,2.1082,2.1953,315672710.8
2025-04-22,2.1953,2.7471,2.1655,2.6666,446432288.2
2025-04-23,2.6667,3.0797,2.6666,2.9635,729224539.9
2025-04-24,2.9635,3.393,2.894,3.3427,753358341.6
2025-04-25,3.3427,3.8114,3.2686,3.5177,838157179.3
2025-04-26,3.5176,3.6462,3.3553,3.518,368155495.5
2025-04-27,3.5181,3.6516,3.42,3.5562,347010677.5
2025-04-28,3.5562,3.87,3.4,3.5246,608870402.5
2025-04-29,3.5246,3.6328,3.4061,3.5293,369736904.1
2025-04-30,3.5295,3.602,3.2711,3.5036,362351248.0
2025-05-01,3.5034,3.7642,3.451,3.5497,370571812.3
2025-05-02,3.5496,3.5721,3.3811,3.4242,287902280.5
2025-05-03,3.4242,3.4614,3.2622,3.3338,240240787.1
2025-05-04,3.3338,3.3589,3.153,3.2736,276921131.3
2025-05-05,3.2738,3.4938,3.21,3.4216,431597317.4
2025-05-06,3.4216,3.4272,3.1157,3.3437,448336658.9
2025-05-07,3.3437,3.4464,3.2291,3.329,331661924.6
2025-05-08,3.329,4.1089,3.3122,4.0355,605759675.6
2025-05-09,4.0354,4.0783,3.8143,3.9488,462331417.9
2025-05-10,3.9486,4.16,3.83,4.1194,349000185.5
2025-05-11,4.1193,4.275,3.8838,4.0164,355459348.2
2025-05-12,4.0163,4.3,3.8088,3.9611,506521608.3
2025-05-13,3.9612,4.112,3.8102,4.0609,294081855.6
2025-05-14,4.061,4.0821,3.85,3.914,221065834.9
2025-05-15,3.9144,3.9589,3.64,3.8472,354970905.0
2025-05-16,3.8473,3.9498,3.7351,3.7785,214931778.1
2025-05-17,3.7787,3.862,3.6707,3.7994,194863898.5
2025-05-18,3.7994,4.0042,3.6841,3.9413,282062614.1
2025-05-19,3.9414,3.9712,3.582,3.8361,279906460.0
2025-05-20,3.8361,3.9405,3.7794,3.853,268171738.7
2025-05-21,3.853,4.068,3.795,3.9271,320176755.4
2025-05-22,3.9276,4.1998,3.713,3.889,677759056.3
2025-05-23,3.889,3.961,3.531,3.5805,513633051.2
2025-05-24,3.5805,3.6951,3.5652,3.6241,147678581.9
2025-05-25,3.6242,3.6649,3.4388,3.5986,238099192.2
2025-05-26,3.5985,3.6599,3.4515,3.4883,180656944.0
2025-05-27,3.4884,3.7361,3.4016,3.6707,281798085.7
2025-05-28,3.6706,3.7442,3.5131,3.6031,215939559.8
2025-05-29,3.6032,3.7279,3.5092,3.5239,208300282.6
2025-05-30,3.5238,3.5496,3.1638,3.1859,305566600.1
2025-05-31,3.186,3.3122,3.0516,3.2444,234506714.6
2025-06-01,3.2443,3.362,3.1838,3.3411,154406883.5
2025-06-02,3.3412,3.3689,3.22,3.3292,165984186.0
2025-06-03,3.3293,3.3894,3.21,3.2494,158378156.5
2025-06-04,3.2494,3.2905,3.1527,3.1622,137762845.2
2025-06-05,3.1621,3.2275,2.8801,2.9198,279352144.4
2025-06-06,2.9198,3.2199,2.9136,3.1919,203001185.8
2025-06-07,3.1919,3.3128,3.1682,3.2413,152702621.5
2025-06-08,3.2412,3.281,3.1771,3.2217,128885255.3
2025-06-09,3.2216,3.47,3.1813,3.447,195219592.8
2025-06-10,3.447,3.5627,3.3632,3.4909,216740740.9
2025-06-11,3.4908,3.5274,3.3375,3.3934,161189752.2
2025-06-12,3.3935,3.3987,3.1817,3.2062,206834273.0
2025-06-13,3.2062,3.2096,2.9166,3.0736,337040708.5
2025-06-14,3.0735,3.0753,2.8034,2.9456,220974157.0
2025-06-15,2.9457,3.0419,2.9417,3.0221,184265031.8
2025-06-16,3.0222,3.1577,2.971,2.9952,220915913.3
2025-06-17,2.9952,3.0557,2.8001,2.8308,273440965.7
2025-06-18,2.8309,2.9175,2.705,2.8267,297536031.8
2025-06-19,2.8269,2.8661,2.7814,2.8272,155518448.0
2025-06-20,2.8273,2.887,2.6474,2.715,242474975.6
2025-06-21,2.7151,2.7538,2.455,2.5675,237548190.7
2025-06-22,2.568,2.6153,2.2914,2.4481,389505225.6
2025-06-23,2.4482,2.855,2.3938,2.8259,399125484.1
2025-06-24,2.826,2.91,2.7302,2.7965,281798635.3
2025-06-25,2.7965,2.8437,2.7056,2.7305,232255965.7
2025-06-26,2.7306,2.8047,2.5693,2.5997,277911846.5
2025-06-27,2.5998,2.8,2.5777,2.7199,244056912.8
2025-06-28,2.72,2.8431,2.6785,2.801,134990242.5
2025-06-29,2.8009,2.9286,2.7663,2.8986,156381631.0
2025-06-30,2.8987,2.91,2.7339,2.7755,190063227.3
2025-07-01,2.7756,2.8122,2.6552,2.6708,158836773.5
2025-07-02,2.6707,2.9619,2.6424,2.8987,218454138.8
2025-07-03,2.8987,3.0895,2.8712,3.0219,262331069.4
2025-07-04,3.0219,3.0839,2.8206,2.8736,197575524.0
2025-07-05,2.8736,2.9344,2.8569,2.8969,105002392.8
2025-07-06,2.8969,2.9671,2.8649,2.9071,132050737.8
2025-07-07,2.9071,2.9507,2.825,2.8567,150770805.2
2025-07-08,2.8569,2.9333,2.8244,2.8932,136717568.9
2025-07-09,2.8932,3.099,2.8766,3.0722,191969841.3
2025-07-10,3.0722,3.501,3.0584,3.4901,343524924.1
2025-07-11,3.4901,3.5715,3.2936,3.3862,345453007.6
2025-07-12,3.3863,3.4677,3.3069,3.4007,171510939.6
2025-07-13,3.4008,3.5394,3.3773,3.4887,166838519.5
2025-07-14,3.4887,3.6556,3.4864,3.6333,24511221.9
